id,handle,email,password
1,ostuffins0,dmcgreil0@answers.com,3mYRSKxWR
2,nflicker1,dcrecy1@slate.com,Gu4oEKyq13qL
3,adegenhardt2,kcraister2@over-blog.com,k0m0K3m1e9
4,cwitter3,ctremelling3@cisco.com,fyo7wW7mUl0
5,cbennetts4,kbernardo4@technorati.com,NEm8MpzdSqu
6,rfloodgate5,cnecolds5@nyu.edu,Ti2lrNhfN
7,aquincey6,rzorzetti6@npr.org,tQ1QN2xT
8,mbenezeit7,sfrowing7@patch.com,LzroItMI
9,hbarfford8,dcasaccia8@china.com.cn,c4Gn7YPbt
10,kwillisch9,rskill9@shareasale.com,wwZbqBtMEjf
11,yharsenta,cpearmaina@pcworld.com,thxGqWbu8He
12,ypawlynb,acescotb@mediafire.com,q0y0CfKr81o
13,kbeaulyc,pmiddasc@mozilla.com,HrsLAIu
14,hfritterd,ggaind@parallels.com,femUvfiTF3
15,mbowcocke,cpennielle@tripadvisor.com,ayi1CuKKoKDR
16,chenricssonf,egraithf@answers.com,4tVzGg2
17,gzumbuschg,chorrellg@geocities.com,Q76Dfnv0Tfx
18,fpervewh,kbalderstoneh@opensource.org,nuEcsgOp
19,tmilbourni,rbrizelli@engadget.com,o56GKvO0Wy
20,cfillonj,gflowithj@flickr.com,tkpQa7
21,omacginlayk,cmarnsk@imgur.com,B36fBdH
22,ehalstedl,flittlewoodl@is.gd,Duoilh35X
23,rbuntingm,lstreatleym@moonfruit.com,PUvbSGJb
24,ibeedien,syakuntzovn@angelfire.com,VhdPFu
25,ggreeneo,kshepperdo@mayoclinic.com,RgERAashwRn
26,jkynstonp,egoodingep@tinypic.com,io3cfh1F
27,outtingq,tbanfordq@rakuten.co.jp,1BhMfeBI8c
28,eproffittr,lwignallr@accuweather.com,zO5mkMga
29,gflewetts,gkirsopps@edublogs.org,dS1M6zgNU
30,wmchardyt,sdumbeltont@zimbio.com,PuNAMaJXp94
31,ametzingu,ffranciottoiu@prnewswire.com,zxMklEp
32,bsandersv,idaffornev@ehow.com,x0XOnYXA
33,tduryw,ghadkinsw@nps.gov,vsjnXqy
34,mcloutex,tsteelyx@51.la,ApWHZ3wiU8E
35,iputtony,fwallsamy@acquirethisname.com,3fWGWA4W
36,spointinz,ejacqueminetz@cnbc.com,GdMsjZ
37,jbrecknall10,gbentall10@biblegateway.com,5qRxoPQGe6q
38,jhudson11,ccluatt11@delicious.com,51M7ShCHA2w
39,cswinglehurst12,tyerby12@baidu.com,HWtMFMTTcRA4
40,dwagenen13,acrufts13@jalbum.net,TtxUv2m
41,vmurison14,mshirley14@miibeian.gov.cn,R4XzNfl
42,ageorgeau15,vhegden15@soup.io,MnBP9zhfb
43,gmclleese16,adikels16@loc.gov,SGySVcebV
44,rpauletti17,jwillingale17@google.co.jp,LsFbrJHD1eUi
45,kbricklebank18,wtunder18@wp.com,lFbUSNaXvBg5
46,tlapidus19,dburdikin19@prweb.com,tAKqKl3
47,jtomblett1a,hhinrichs1a@ebay.co.uk,pmxc0mr
48,agrunwald1b,isweett1b@upenn.edu,eQOPn6Fd6RR
49,fpaunsford1c,wgoodley1c@ocn.ne.jp,x4VfdOq9JaZK
50,jhovey1d,mheddy1d@cocolog-nifty.com,kq6Mi8Gqh
51,asaker1e,sangrick1e@howstuffworks.com,FfYVsvxwbKa
52,remmert1f,kcarlos1f@paypal.com,RCiZjhga13c
53,imctrusty1g,cweaving1g@reverbnation.com,Kw8Y0s0
54,rspringall1h,grendall1h@mysql.com,eXT6GEdyXfnD
55,ktoye1i,kbischop1i@globo.com,T4ScPI3eYJ
56,lklimashevich1j,ajotcham1j@tumblr.com,Ypn2nR4
57,oklimashevich1k,rdavitashvili1k@forbes.com,wbRq2vx
58,ghamelyn1l,gbircher1l@parallels.com,bJfIhrD
59,sbon1m,bcosford1m@boston.com,iGUnxm2Nl
60,ymcgaughie1n,isigart1n@theatlantic.com,jTe3GZ95zR
61,jwagnerin1o,dbryde1o@xrea.com,y3dU9oQUJ1
62,edavidsen1p,llindro1p@mayoclinic.com,iiKCfuQ
63,jdyzart1q,rschriren1q@slashdot.org,NQ7uLOzmJg
64,tgalle1r,shambrook1r@reddit.com,NKKDKyWUt
65,hpittson1s,rbeaves1s@linkedin.com,TCBzpBSVKDi1
66,wwilles1t,awestley1t@liveinternet.ru,OAhk4qAvFn1t
67,hsear1u,ewingeat1u@npr.org,znChSSTJ
68,hnewburn1v,focollopy1v@comcast.net,yu03QP
69,gkeld1w,pmcdarmid1w@springer.com,7V05yowl
70,jbridden1x,dmoseley1x@hibu.com,6DbD0TNAf
71,ybrennenstuhl1y,edumbarton1y@rakuten.co.jp,CWEnB4Xl6
72,pkrishtopaittis1z,ygill1z@boston.com,Js92kMyMyBc
73,cabbotts20,hsimoni20@icq.com,pqVOHPBI94n
74,kharcarse21,hgonnel21@people.com.cn,OAy8algIqDMK
75,fpatching22,bfaulds22@time.com,vpTrKU
76,kdruett23,cduigenan23@springer.com,UCr7Up
77,bondrousek24,bvasyutkin24@elegantthemes.com,OSPCK17
78,fmaccauley25,lcomolli25@apache.org,CYj4vRqKIo
79,eabella26,itollady26@washingtonpost.com,Fb3NyGQx6P3
80,rklemenz27,pheake27@gmpg.org,lqMMrh8JC
81,rliell28,fchill28@vk.com,NbNSC3x9Z
82,gjull29,bslight29@mashable.com,lOYz6qLq
83,scoverdill2a,gkulis2a@typepad.com,ATQBtTRKdxhJ
84,ssherewood2b,wcanet2b@elpais.com,7tgqbxrp2
85,cfeathers2c,ptomsen2c@dot.gov,g35F2QJzA
86,smakey2d,mhalwood2d@oracle.com,5t5loy8
87,lcottem2e,tschultes2e@washington.edu,RBT81qg7Z5Zn
88,bbrindley2f,jskate2f@multiply.com,QbpqGu
89,abiggen2g,lgrief2g@businessweek.com,TXO0xJ
90,charriott2h,cdorow2h@a8.net,YZZcAjxK
91,tsuttle2i,areedshaw2i@storify.com,fZQepRLCVm
92,asouthard2j,bwelbelove2j@usnews.com,tfyo8bf
93,aschollar2k,wmurrish2k@alibaba.com,zHBpU16b
94,glaytham2l,kmager2l@flavors.me,cYDCIrR
95,twoodroff2m,gockland2m@a8.net,UvaWw7UjrU05
96,jtonkinson2n,dmucillo2n@amazon.de,sLxorWZ8W
97,mlazar2o,kalexsandrovich2o@google.nl,SKp9ANqQakaV
98,lrelf2p,bsollas2p@google.cn,HNdKO1j
99,aespada2q,rryves2q@go.com,i8Rz3F7H
100,ldutch2r,fdeshorts2r@biblegateway.com,AVENr8y3C
101,hmatthiae2s,dbenkin2s@stumbleupon.com,ZMbhruNWsSIW
102,scoultar2t,dknott2t@sphinn.com,pLt3z7By
103,mdumbarton2u,asilveston2u@reuters.com,kAEFVFiSz1t
104,avotier2v,snegal2v@yandex.ru,gDOvyGqfpbly
105,dkomorowski2w,dnicholson2w@fema.gov,1K8KvCD
106,jwehnerr2x,mcasley2x@twitter.com,oFV0WhA1t6Q
107,acassedy2y,veastby2y@furl.net,rTGV55r
108,omonson2z,rvauls2z@sakura.ne.jp,USnO9OMUYS
109,jmaccague30,cheaslip30@addthis.com,SRu759Mx
110,elancetter31,dbrothers31@chron.com,azZcSNmNeuHn
111,mlegood32,bbortol32@unesco.org,184alX
112,msterry33,wleif33@mail.ru,hzY77g
113,ppenwright34,kchipping34@sbwire.com,yU7AVEIm2p8
114,dgleaves35,nbraney35@businesswire.com,Q1XgCYtC
115,bimlock36,craikes36@soup.io,lqzchlwIyjt
116,asimper37,hbarwell37@fda.gov,jwn2kO
117,pbatram38,hsauvan38@eepurl.com,Mp0MvN46lEkJ
118,mdevany39,cyurocjkin39@earthlink.net,mGCb9kL
119,ajefferies3a,ceuston3a@smh.com.au,YhucVI9mT
120,ebailes3b,aarmiger3b@indiegogo.com,aPmFYM
121,bwanne3c,bsloley3c@delicious.com,hl3evQoDoNO
122,fshailer3d,ascriven3d@cbslocal.com,9geObX
123,apaolino3e,ltippett3e@list-manage.com,Xi2csyW4VCQ6
124,kharrell3f,wcrosetto3f@youtube.com,wcIQ02IP1AmQ
125,dharraway3g,moiller3g@washington.edu,yTmeK5CvxtI
126,ilally3h,ativers3h@jugem.jp,QrdHbwWC7Xh9
127,hteaser3i,tclifft3i@techcrunch.com,UXsfT8mwh
128,tnerney3j,mbeccera3j@privacy.gov.au,nAe0mOk24Ij
129,pdoxey3k,chutchison3k@google.com.br,kMgRXcnlYnT
130,dbeirne3l,ategeller3l@tinypic.com,fZsAE15y9m
131,njobbing3m,astiddard3m@instagram.com,SUZWtaTxd
132,sgiovannacci3n,ndimeo3n@timesonline.co.uk,6BGm2UjoB
133,ykillen3o,jsulter3o@squidoo.com,QjFZsW3q1T
134,jwinsom3p,fschaumann3p@disqus.com,QwfmrMGPQ0
135,eprichet3q,lnunson3q@oracle.com,RANWxumPD
136,adrabble3r,cchimenti3r@trellian.com,unZU7L
137,nkinchlea3s,ddeortega3s@ustream.tv,ow5YCAaTp
138,tpassman3t,tpedersen3t@nasa.gov,qSq0bomGlym
139,gbromilow3u,vjizhaki3u@squidoo.com,ozT2MKX6Kw
140,lspriggin3v,kcowpertwait3v@wp.com,HQ9xbfaP
141,mwedgbrow3w,rarlidge3w@opensource.org,SortlAtdapA
142,nboucher3x,cchattock3x@dailymotion.com,v9jAHARsWSd
143,sheasley3y,jawde3y@state.gov,KUa5qyeImdv6
144,beasterling3z,whammant3z@behance.net,alzSloNV1
145,slaminman40,pdevonald40@globo.com,BQzvIuY2Kn7b
146,vparadis41,lcathenod41@time.com,WuWSREXo
147,ksheircliffe42,rlarciere42@gmpg.org,1U1LEuV
148,eioannidis43,bjoinsey43@google.it,Uef7j3c
149,hstovine44,astarr44@wikipedia.org,BV7Z5tm6SK1
150,doxtarby45,jweedon45@examiner.com,EXvWIqGP
151,fwoolward46,mbillo46@dedecms.com,2LPAtFtvkZw
152,rpendry47,gdinley47@merriam-webster.com,dsMnUdQs
153,cplant48,mbelward48@youtube.com,ABINMTNCeiYQ
154,jdelia49,smcvrone49@bravesites.com,yWFjP6XA2Z
155,bkeller4a,mforsdicke4a@usa.gov,NmdD29
156,gcattenach4b,pbreinlein4b@google.cn,RhsUb8
157,lraithmill4c,apirrie4c@symantec.com,g9OeQ0I3Qce7
158,jboxer4d,bathelstan4d@smh.com.au,AGqs3Cr
159,tgilburt4e,bdiggons4e@myspace.com,KIrNatk0lFCV
160,hstorrie4f,ccorrett4f@ibm.com,GdGa6B
161,flippard4g,sengland4g@mit.edu,UPRVAEca
162,bavon4h,oruss4h@jalbum.net,IpM1lSsg
163,lberge4i,tcreamer4i@lycos.com,Anw9C0zrCl
164,lhaskett4j,afoxten4j@prnewswire.com,Qh1OMN
165,opiola4k,bsparhawk4k@psu.edu,ANvEvGHD
166,wsteggles4l,brebichon4l@cdbaby.com,guhXEmkKgxZ
167,bpilsworth4m,acheesman4m@adobe.com,QcBSuz
168,adobbs4n,fbadgers4n@artisteer.com,daSpaIbAoG
169,cshelbourne4o,kbockman4o@live.com,KIX1EkmELY
170,jfrancescotti4p,fmartschke4p@vimeo.com,33bXpBaQ
171,agravatt4q,wburras4q@rakuten.co.jp,MDGhQwix6IW
172,gduddle4r,erooson4r@angelfire.com,XvL2TxV
173,lbissex4s,ksowte4s@hc360.com,UQsd7dP6VI
174,wgeator4t,gbeedie4t@cbslocal.com,iw41nd1fIa
175,lsidon4u,phuntar4u@friendfeed.com,oMh17P
176,rfronks4v,mfairfoul4v@nps.gov,ElccP1HXeN
177,abellenie4w,tkoppes4w@squarespace.com,m08W7gpSXHrB
178,cmeegan4x,sdible4x@nps.gov,dZmfbBrV
179,mmacgille4y,lwhitebread4y@goo.gl,xhFCrL5jF
180,kjoincey4z,kpaolicchi4z@yellowpages.com,DrrQ9sfu
181,rcleynman50,cgunning50@apache.org,kJKm9PYN
182,ffissenden51,bsyseland51@springer.com,ztakclWyrxv8
183,rrowley52,ltasseler52@uol.com.br,uBTxX9X
184,rpilfold53,mlurner53@bbc.co.uk,irIA6E
185,crivers54,gtubridy54@craigslist.org,uOp5Yg6YhSL
186,rrouth55,gbrammall55@i2i.jp,vyrfR6f
187,pbasezzi56,ekyneton56@mediafire.com,H4Ej1Yoxc37U
188,mgorrissen57,amacdougall57@paypal.com,c7YTkD5
189,kosmund58,mpetrulis58@archive.org,DwwoKPih
190,pkilbane59,kstrathearn59@sun.com,QKGku5jzz8Uq
191,acluckie5a,jhallowell5a@amazon.co.jp,O0SothQLuX
192,dtumini5b,htaunton5b@so-net.ne.jp,USCmq8nfpP
193,ddumbarton5c,sgorce5c@linkedin.com,K6axEQ2hJG
194,dcoast5d,ashortt5d@zimbio.com,pAJZl1UpR
195,hbeadman5e,dvauter5e@live.com,jncl7FT
196,fbulch5f,dhabbin5f@moonfruit.com,Fkdcv90MSFS
197,dmarie5g,crikel5g@zdnet.com,OG2U4yy2usq
198,jharley5h,acreer5h@statcounter.com,hJMMeOIur
199,glandrieu5i,asaffle5i@nydailynews.com,fN8zpg
200,mtook5j,dharner5j@whitehouse.gov,4BDUPQVpj
201,lswash5k,dcaig5k@cargocollective.com,WOe4qRDP68I
202,chandley5l,lkubalek5l@gmpg.org,JO93nc5rw
203,mbahl5m,skerwick5m@free.fr,icmZmznDg
204,jcattel5n,hdederick5n@eepurl.com,evagDPx5hB8
205,rogready5o,kmanning5o@boston.com,5lQ7CqB7
206,rbouttell5p,tkrabbe5p@tinypic.com,F6xvm0dn
207,nstandingford5q,slickorish5q@theglobeandmail.com,7AUSG95ieHNb
208,jgothard5r,xgooder5r@springer.com,hjSemQobuP3E
209,tkahen5s,dlittrik5s@chicagotribune.com,tbydoBJY28Az
210,rdriscoll5t,mtarburn5t@dmoz.org,3PHlZzh62VR
211,kfinlaison5u,xrawcliff5u@tripod.com,w2ngx0
212,nlode5v,ibryce5v@de.vu,jZko6S96SvyK
213,tcristofol5w,ncostar5w@auda.org.au,wOp9bQRSP
214,rcrocumbe5x,lnewsham5x@toplist.cz,MnZzWt
215,zbartolommeo5y,pstruan5y@msu.edu,x4E12O7a
216,ecolleford5z,abiggam5z@hugedomains.com,fro8EgXQ
217,sream60,gbakey60@webnode.com,mbAh15gM
218,hburburough61,ebernath61@sitemeter.com,lytOUdLUf
219,ssooley62,ksetterthwait62@istockphoto.com,SfW5A7dMoW7
220,dpeirson63,kskrines63@feedburner.com,lG9GNxWFU
221,djennison64,dcess64@bluehost.com,epLSbsul1lkc
222,jscoggins65,cbyrnes65@scribd.com,N539cS
223,cwallas66,bkendrick66@washington.edu,PMtUJ23peKPW
224,egladdor67,ocordeix67@tripadvisor.com,JScG6tZixn
225,cbailles68,jbradbrook68@mozilla.com,ILkix2AcSef
226,smccomb69,gadamides69@yandex.ru,u8xWlJVjVu
227,jmarginson6a,rgreenard6a@state.tx.us,7hM7gVAH6x
228,fsaltmarshe6b,mlehemann6b@example.com,HWUFhNllKgWO
229,arounce6c,yrelf6c@discuz.net,fUYU7v
230,lmaccombe6d,lbirks6d@toplist.cz,7N9wXR
231,zbernadzki6e,lhubble6e@baidu.com,ksCOabgqCh
232,hjerratsch6f,tshorbrook6f@shinystat.com,Bn5vL2P18b
233,hmccurlye6g,ghoulson6g@seattletimes.com,Z5ghsZY
234,zpignon6h,csyratt6h@smugmug.com,u0O8xMhg
235,edouce6i,tjerrim6i@usda.gov,OqVvG0
236,hadnet6j,lsapey6j@timesonline.co.uk,kuP983xQw
237,lmocker6k,osumbler6k@about.me,S6mYAxBna
238,gaskew6l,skirk6l@nifty.com,HaxyAuqzXfyg
239,tcobbin6m,mheaphy6m@msu.edu,BmzqbnbAaHue
240,sharnor6n,gdeandisie6n@bluehost.com,bYVbfsKFn
241,cgelling6o,alounds6o@furl.net,JjIX3ol6GGor
242,awoodyear6p,ocasine6p@slate.com,EisVk9
243,gketteridge6q,nscothron6q@smugmug.com,8w0fCxeQ
244,dcrix6r,gdoughty6r@bloglovin.com,NEMgpBPyJ
245,cfaragher6s,csheardown6s@shareasale.com,8IMHK0L8
246,fjeste6t,mhaugeh6t@adobe.com,bl8sox
247,zlackeye6u,dpeterkin6u@skype.com,BxV6B9lK6
248,cbraddock6v,jdebney6v@answers.com,5Wh7s4c
249,cmacknocker6w,rtzuker6w@dailymail.co.uk,NkE20Ld
250,dlouisot6x,pcridge6x@tumblr.com,XtTcFykk
251,egrabham6y,ltwentyman6y@hubpages.com,s7bn4AucCecs
252,llendon6z,fleyninye6z@eepurl.com,SuXTDHpZS
253,afishly70,tgeipel70@netvibes.com,ewuHD0
254,wvinden71,kcopyn71@sbwire.com,UZy7txA
255,lmatchett72,cpeeters72@foxnews.com,lzOlQ163t5
256,epole73,dmustchin73@zdnet.com,VVoCeuCJ
257,krutigliano74,mleander74@prweb.com,4GxGWjCeU8XT
258,fshoubridge75,vforrestall75@fema.gov,9ewqhcH779ql
259,fdornin76,pairy76@ftc.gov,aevmYLyH
260,fmagor77,adove77@posterous.com,WVUH7dnRr4G
261,mlapree78,llahy78@bravesites.com,H0zGkOx5Bbf
262,mrennenbach79,hmeiner79@microsoft.com,Rs1eMuR9n0
263,tlerer7a,kalleyne7a@ihg.com,AZ4im9oDsAul
264,hperryn7b,dtayt7b@europa.eu,5JYWUyF
265,erobelet7c,jbohike7c@cbslocal.com,eegmdEfY
266,marstingall7d,wgeoghegan7d@sphinn.com,BajMoXlGOk
267,mbleythin7e,nrizon7e@yale.edu,8Am7hmtg
268,lpatten7f,cfullalove7f@squarespace.com,rkj9cT
269,solagen7g,bkarpeev7g@last.fm,renvqJHYKwpJ
270,sbrimner7h,mjersch7h@pcworld.com,fmx0lRnUnHc
271,jbarbe7i,ukeach7i@shinystat.com,DqXrp6
272,enarup7j,sdendle7j@accuweather.com,twemTE
273,hmcclunaghan7k,csifflett7k@reddit.com,fxh8ueWjcq
274,sfluin7l,cgliddon7l@wisc.edu,18p1YxxffB
275,erhoades7m,gbasire7m@tripadvisor.com,NpgISNYV
276,jpaddison7n,ecasolla7n@biblegateway.com,LcTmrV3t2hcS
277,rswalowe7o,ftomlin7o@gov.uk,so2Pxw
278,ailson7p,pjosiah7p@cmu.edu,czoXKBXV
279,gfairbridge7q,jbellino7q@fc2.com,h9TSbaOCg9Mx
280,omedhurst7r,jlimpkin7r@wikipedia.org,mG7oFQ
281,ikleynermans7s,bclaussen7s@ning.com,NB1eiw
282,anoton7t,scratchley7t@google.com.au,HxgC3OIvPje
283,nfergyson7u,cfayer7u@pinterest.com,JfXtQ4
284,mgaylord7v,hpriddle7v@reference.com,YPSFTqCom
285,amapstone7w,ypuckey7w@bloglovin.com,5PaWKZpv
286,sdavioud7x,sianiello7x@wikimedia.org,Pdm4CV
287,mjunes7y,hregus7y@blogtalkradio.com,w4P0wOX
288,bbalsdone7z,lratazzi7z@fda.gov,RKXGHkRKC
289,bcescoti80,ebrookesbie80@cmu.edu,lqjduQNs5tGz
290,abierling81,cferrolli81@scientificamerican.com,4pt9kUOuQg0J
291,tcossam82,nicke82@vkontakte.ru,aZh9aU8Qh
292,aloftin83,eteresia83@ft.com,oJw5GKH
293,bmcaneny84,ngallihaulk84@nhs.uk,0xIpZSpZgYn
294,kbaccus85,cgierardi85@example.com,nleiNwTnY
295,mmelchior86,cpollak86@indiatimes.com,WF0zCu3ddi
296,tfarrier87,xley87@utexas.edu,8WT6WhuIz
297,pfromont88,rnurden88@myspace.com,cj7JxFEk
298,cjoselin89,jtincknell89@blog.com,g3yJj2
299,lcurless8a,mbrahm8a@indiegogo.com,lMcn8cDsK7S
300,atudhope8b,cchatelet8b@dedecms.com,doNxAWuRdJAH
301,hsterke8c,celdon8c@newsvine.com,rYtcMgQOUU6
302,jbrasseur8d,jsertin8d@com.com,ipp6Xh43YoRl
303,fdockrill8e,gwhartonby8e@ucoz.com,WiSVXWz4Cy
304,rdare8f,sbrusby8f@com.com,QSKDiy
305,ekarpenya8g,oblincow8g@digg.com,LJaj0UbFPHhc
306,lcalderbank8h,kbrock8h@yellowbook.com,DPOEqKFbmoh
307,aarsnell8i,rpurser8i@merriam-webster.com,KPCJGM
308,ndominico8j,dbarthrop8j@pbs.org,AtKUaw
309,cstoven8k,ldightham8k@slate.com,8W80NXm
310,scaple8l,rkarpmann8l@twitter.com,XVtT5ZP
311,sharrinson8m,jgobeau8m@nbcnews.com,e4xyKESFGU
312,omcnee8n,vjamblin8n@usgs.gov,cwl8TXaEQh
313,hrizzotto8o,ableas8o@slideshare.net,zJCroA2x
314,bcohani8p,kashfull8p@ask.com,jxolseH4E
315,docaherny8q,ltroppmann8q@skyrock.com,d1kbnt
316,dgissing8r,hcrannach8r@boston.com,ycYZjpcnx
317,fgoodered8s,astockford8s@oakley.com,YEEDxrkK1a3
318,pmunks8t,cstannislawski8t@home.pl,flMLuSZ
319,rshortan8u,bshotbolt8u@chronoengine.com,YaW8wTBm27i
320,acrosio8v,lbamlet8v@vinaora.com,EOr8mOCkJnX
321,cwarsap8w,apydcock8w@privacy.gov.au,WRt5OdyQe1H
322,voughton8x,mtackley8x@miibeian.gov.cn,j8A2S86J70
323,kfoulgham8y,ghazart8y@oaic.gov.au,Be4sfiBAEd
324,dorwell8z,swayper8z@hexun.com,qoCy5U87q6mf
325,bvallender90,fcalow90@guardian.co.uk,dx9nEYja6
326,wherley91,vcoffin91@kickstarter.com,fYmXRxN
327,aberends92,cdella92@wiley.com,Q5MY4t
328,lutridge93,apinching93@epa.gov,JjtKtCgRTzT
329,aeveringham94,fbayston94@sitemeter.com,wdzzKckzP9
330,mmancktelow95,vsego95@lycos.com,Luj5TYAS9E
331,cwithey96,ldrewry96@apple.com,qMk8WuYKya
332,bpancast97,bpettie97@whitehouse.gov,fJwoAJUn0
333,amattusevich98,bcrinion98@google.ru,KkpGgG5YQ3U
334,mmozzi99,polrenshaw99@kickstarter.com,clCtgo
335,gdrinkhall9a,jwakefield9a@wp.com,WTdblAd
336,walliot9b,ydutnall9b@delicious.com,pUqM3o
337,hcallendar9c,bniles9c@walmart.com,kLBRJIxloWmf
338,mescalera9d,hwapplington9d@tmall.com,BJfYmN
339,fhobble9e,lnozzolinii9e@scribd.com,E8Clnx
340,lbetteridge9f,bide9f@a8.net,YpEgURJ
341,bdurtnell9g,poxherd9g@bravesites.com,Ojv9MibAlqAN
342,ttreslove9h,bjado9h@alibaba.com,SbhnvEBnX
343,calderson9i,khaydon9i@oracle.com,dJlzormiVHai
344,bfernando9j,rnazair9j@amazon.co.uk,wjEQIeB
345,gelintune9k,arosenbloom9k@dedecms.com,ZepRmzLnSfZ
346,hconnachan9l,sdawe9l@xing.com,lZwYfxakBJY
347,uclemonts9m,dgoldingay9m@tripadvisor.com,FlOHX9
348,gsemple9n,aklimus9n@kickstarter.com,yYrZyW4tZ
349,adarragon9o,mfishlock9o@europa.eu,1gqSCy
350,hdelamaine9p,ifleeman9p@furl.net,GBgouZW4sk
351,pwhitley9q,kspeight9q@epa.gov,4X1Jp7xb
352,apecht9r,jblagden9r@patch.com,pPgxPbf4V
353,istocks9s,wsoutar9s@businessweek.com,l5JqY7mz
354,afairbourn9t,amcginlay9t@hubpages.com,K5OX5uPD
355,luzzell9u,mhalleybone9u@t.co,qeVBgJdzPmWj
356,npiatto9v,fortelt9v@cnn.com,ECNJRiud1KG
357,sbaumber9w,wharesnaip9w@soup.io,sTS4wG
358,twrightim9x,bclarae9x@apple.com,RzThNk7D
359,jbrimman9y,tbinnes9y@scientificamerican.com,PF44WtZ
360,bsimoneschi9z,mcoverley9z@army.mil,TK9zLL
361,thallatta0,claynea0@nbcnews.com,0qF0xZgzIyah
362,ecrowcuma1,abaglina1@oracle.com,FmoYOfEtS4W
363,sdibba2,oadamsona2@ucsd.edu,CkcKN7
364,anarea3,lmcevaya3@spotify.com,MJ3Xizsowhsl
365,jklawia4,clayzella4@statcounter.com,qhRwxLJxuRUj
366,jallaina5,sbolfa5@aol.com,S9966Yreb5C
367,ndarta6,smetterickea6@t.co,eP3sPN
368,fferrana7,arawstrona7@dedecms.com,651FW5XbdDs
369,tsailera8,rdamarella8@guardian.co.uk,CqXTRKiJ
370,rdeemana9,ualeksandrova9@etsy.com,RFXb90Vna
371,mevequotaa,gbenardaa@un.org,JGi37Vg9pE6A
372,ckittowab,dkliemchenab@wikispaces.com,DFtS5RFJuM
373,wmowburyac,srastallac@fc2.com,OH4VHpsD4v
374,gmcroryad,rbrunstanad@woothemes.com,jhIX9BFAr
375,ljaslemae,rshillumae@youtube.com,KS4BI1TJI
376,bmerrimentaf,cpeschmannaf@latimes.com,ebXxr71Vs
377,sphilipeauxag,tfulbrookag@themeforest.net,xgUc53U
378,mskeeteah,omizzenah@biblegateway.com,eGWpmq5CHF
379,kelsbyai,pmacnamaraai@skyrock.com,B2oKAi2s0G
380,bdutteridgeaj,mminelliaj@surveymonkey.com,ULiIAMrG
381,vblaydak,sbruckmanak@wired.com,LNGvrhawWAR8
382,mdurnellal,sfrancescuzzial@tuttocitta.it,P3pGZOFpG
383,llovejoyam,ninnmanam@cdbaby.com,ooct88
384,cjamblinan,bhicklingbottoman@google.de,gJ3S9eCjz
385,kclinkao,cbamburyao@cnet.com,LWXe5KoD
386,theadlyap,gmassonap@si.edu,IR8ddrsm3
387,bpriddingaq,cgadesbyaq@php.net,0kceQ5
388,amackilpatrickar,tparkeyar@zimbio.com,7mfyTGm
389,mfowkesas,eheintschas@joomla.org,GeuVRO8
390,jgerckensat,cpoundat@yahoo.com,7Nn1xiYqw
391,rallsworthau,ihanrahanau@slideshare.net,LrpKHI
392,jziebartav,haceav@craigslist.org,fRf8mn1FP
393,epowdrellaw,gpawelskiaw@shop-pro.jp,fLGw4yl5WrE
394,luridgeax,mgilliesax@livejournal.com,6NdFR84
395,mharburtsonay,rclaraeay@macromedia.com,bTimtr
396,lrouchaz,dboylesaz@sakura.ne.jp,pRKWEYZyOnPt
397,twolfersb0,svolksb0@ucoz.ru,JQCtVcyMLz
398,blawlingb1,ckohnekeb1@networksolutions.com,AB4962CMX
399,kbeevorb2,ljeramb2@wufoo.com,9tN1yTj
400,tdudhillb3,sbraizierb3@odnoklassniki.ru,4thq5oFa
401,cscrancherb4,glabbab4@go.com,zB7mzCBTUbmA
402,gvitlerb5,hancketillb5@examiner.com,2lcGbZ
403,gfeasterb6,mjentinb6@prlog.org,objQPCrOY6
404,gchatelainb7,dwhittickb7@woothemes.com,Vko4HxRo
405,wtaborreb8,aprentyb8@drupal.org,wK46rd
406,nsireb9,fswabeyb9@cafepress.com,BJXgKKznnO
407,mtomasuttiba,afransmanba@xinhuanet.com,Xb4g7aLmDr0
408,ocoughtreybb,mfeldbb@digg.com,MCGETGi7td
409,rtinsleybc,kdecourceybc@shop-pro.jp,cA6HvsN
410,rbawlebd,ssommervillebd@youtube.com,xoO3DYQTdfK
411,dfigginsbe,bklossekbe@diigo.com,PuOMEeIGwRx
412,cdeathridgebf,blaviesbf@storify.com,tY79VOTZJ
413,sdykesbg,jcanadabg@newsvine.com,3Aoy3aQeu7Z
414,ncradocbh,nburnsellbh@utexas.edu,m3aN8IEj
415,lurienbi,odevonsbi@lycos.com,RIt0qtSh
416,kcapinbj,njustbj@wix.com,zCMiPEAmkC
417,cwaldenbk,rbellhangerbk@mail.ru,DD2iH8et
418,gwiddowsonbl,dbortonbl@i2i.jp,hU5TIRQM
419,kshropshirebm,hosantbm@hatena.ne.jp,wFSwOHTEF9G
420,ddyshartbn,cbassetbn@mac.com,7b5XohfF8T
421,mcayfordbo,fclampbo@homestead.com,EeG2J4Y
422,oondrichbp,mhalledaybp@joomla.org,rM4MtZBXxmDY
423,kwreakesbq,prallingbq@storify.com,WMRVDT7j
424,wchastneybr,massirattibr@vinaora.com,URmwUoF
425,smonkhousebs,dharbinsonbs@arizona.edu,FPcvAku
426,mberringerbt,kromushkinbt@odnoklassniki.ru,1NSQYZoHH
427,nmcwardbu,hhullotbu@joomla.org,qH8jfyf
428,phessentalerbv,blilebv@hostgator.com,kPE7Eb9
429,cfollingbw,nmacnishbw@youtu.be,UiUH6vV7H4
430,dklimshukbx,csoutherellbx@fotki.com,motzFBOXf
431,kmedlenby,wjennerby@shop-pro.jp,SCgLu4d
432,bfarnellbz,lcorterbz@weibo.com,Kbtjev
433,hklimushevc0,kblountc0@yandex.ru,x2Vx64H9y
434,cramelotc1,jkeoghc1@princeton.edu,VmkPNfVxJ
435,ggoltc2,emcowanc2@w3.org,9fIK4yOo
436,fadamecc3,labramc3@ovh.net,VZq7Pi
437,jrooperc4,jwallingc4@reuters.com,IgLd8q
438,kminichilloc5,mbeafordc5@github.com,eT5oQu
439,rtirrellc6,lkondratenkoc6@hhs.gov,4DaYfC
440,csawyersc7,brickersyc7@sun.com,2mbkKvzayv
441,kscreetonc8,vwithamc8@domainmarket.com,qEe4PHrd3xw
442,msignc9,cmapledoramc9@blog.com,Lh8bueyw9KFK
443,kbolderoeca,hhailyca@imdb.com,UUUDsZOrK8M8
444,crothermelcb,tyaldrencb@nhs.uk,U3jnTY
445,elaxsoncc,abooycc@ebay.com,M7Ynlj
446,nchidzoycd,sallibancd@meetup.com,5xn12ivd
447,bbottomorece,pmarce@walmart.com,68XMwaa
448,kpoughercf,ngirodcf@bloglovin.com,2F3mduIG0uo
449,nbalasincg,cmillarcg@hexun.com,I31hs6ld
450,pblissch,aclynech@geocities.com,W4nqbuwumob
451,mmckendoci,bcringleci@1688.com,XDGmPSgDkZHE
452,ngeorgiadescj,dcongramcj@example.com,yTAfk7N
453,jdemangelck,ryakubovck@webeden.co.uk,kLLBoJtuS
454,ebarnbycl,cveillardcl@lycos.com,3ZXpKT
455,fcastilloncm,jmcgiffiecm@angelfire.com,5bOR3Phn
456,rhallwardcn,rstreathercn@eventbrite.com,b4rqg5Y
457,dhewertsonco,mdugaldco@networkadvertising.org,DQW3H22bE
458,nferrettinocp,againescp@ezinearticles.com,9AAMH9
459,mwhitehorncq,fmacrocq@nasa.gov,aU1xxox
460,jbarkecr,bnorthcliffecr@nyu.edu,tww9P0CX
461,bandressercs,adextercs@pbs.org,vBD5PXNjc
462,lwallicect,yfoxworthyct@discovery.com,yiSR4dRyU0G
463,aarnettcu,hdungaycu@sogou.com,qNTSQxJxA
464,wchampcv,aacrescv@auda.org.au,y1IZmoz
465,tsillitocw,lbleuecw@vinaora.com,zUir5Xxw
466,sniavecx,lpeakecx@xinhuanet.com,NCIvYcFHo9Y
467,cdeercy,dludlomcy@behance.net,W5qPWwmNnap
468,earblastercz,skneelcz@google.com,IwZwfMrAe
469,mduckittd0,jisworthd0@wisc.edu,hpH5f3u4
470,gbaised1,hwhelpdaled1@ftc.gov,maVuiHqaBG
471,dsafelld2,ebulledd2@blogtalkradio.com,Sxr4D3E0O2mN
472,hscoterboshd3,ftuppd3@irs.gov,8KCcllvqD
473,yritchardd4,rferreresd4@tamu.edu,LYYSnH
474,adavidsd5,gbrouned5@omniture.com,XIYjJskme
475,ecarbind6,jlaycockd6@google.cn,2PYBWOONVW
476,odobesond7,rnouryd7@skype.com,xcElVpCIe
477,ccrudgingtond8,jmcillrickd8@usa.gov,vbqqpx
478,dkratesd9,droisend9@salon.com,6H7qz5hoqrn
479,dwhittleda,rbrownsmithda@abc.net.au,HijexjWSaf
480,sgleasanedb,kbilledb@patch.com,YOVz4k
481,mlozanodc,vsimonssondc@surveymonkey.com,wmZxM5o1bVmi
482,vsemarkedd,khelsbydd@youtube.com,3yXhHVxE3
483,atittade,arawlsde@cnn.com,UDZL6de
484,aburgotdf,sjanjicdf@chronoengine.com,cO1rPSfQmQRr
485,aslatforddg,ggurysdg@booking.com,Ue8e3ib
486,aewartdh,apipworthdh@mysql.com,czgdCy9cZG
487,pkingswelldi,cschiefersteindi@t.co,gBcOOOoWoE
488,ktheuffdj,kquaifdj@gov.uk,YUZoS7sySsy
489,cteecedk,etanseydk@drupal.org,p1EfsMU7Y
490,ltempestdl,vmoretdl@hostgator.com,Owgf0C0
491,jspavinsdm,cshurrockdm@gnu.org,5zQGoFy4O9jk
492,carriguccidn,gabramamovhdn@exblog.jp,Yb8Dk478AI
493,dslightdo,bdarragondo@yellowpages.com,gTrmKtKqAdVS
494,awaldramdp,vbointondp@taobao.com,TXV7pzC
495,shandforthdq,disteddq@fc2.com,Wjf8Vre
496,ephettedr,mcorshamdr@unicef.org,OvPcsbA
497,ghemerijkds,mwratesds@drupal.org,2DjaLeM3lOH
498,vseedulldt,snewartdt@artisteer.com,T00svTwgAn
499,bcoleydu,aragatedu@umich.edu,vZD573FHQtxS
500,usmewindv,jbosnelldv@irs.gov,SaAcv4h
501,wmathendw,bkilbeydw@nhs.uk,JhRUbeFF4auc
502,cwakedx,bpimbleydx@bravesites.com,LN7xJ1S5G
503,ghenrysondy,nwitsondy@xrea.com,NLIC2U7gA
504,rsouttardz,mmarnsdz@digg.com,IEFr73ODqBdM
505,earunowicze0,mbauntone0@cbc.ca,bIMJABIP3U
506,amacgoune1,vritchleye1@yandex.ru,trNQjXoE
507,aknowllere2,clumbe2@wired.com,fpT4mDQ
508,aglavese3,dscallye3@gnu.org,Hlhdg4eE5YNE
509,eklimaszewskie4,llundbecke4@nationalgeographic.com,aWqmPxfvLGy
510,fjurkowskie5,nmunehaye5@irs.gov,NiEUKXw3IWb7
511,cblackstone6,tettelse6@guardian.co.uk,ZkeNDet
512,uwinstonee7,gmawde7@fema.gov,QKOUoz01wO4g
513,ykohnerte8,sarnelle8@gizmodo.com,6e8EI1giaZv
514,rsherwille9,rogglebiee9@ebay.co.uk,hzIpVgK96Vp4
515,vfarnyea,hgoodhayea@sourceforge.net,g4pCzhwzaPQ8
516,emosconeb,lrichichieb@cbslocal.com,ao3hyiY7EmcT
517,rcattonec,fivisonec@wunderground.com,bnaOEXp
518,mcarred,ltregonnaed@alexa.com,L2Zky0xibdh
519,rharyngtonee,ehurnellee@comcast.net,3bgK5gL
520,hmeakeref,eandreef@google.ca,8gpWyx
521,cvezeyeg,pmintrameg@wp.com,X2wV0TAfJ3
522,emarriotteh,mvanderveldeneh@simplemachines.org,5E5fwgMObE
523,lshowteei,dstaversei@topsy.com,VpFj5v
524,acoveneyej,rboncoreej@ca.gov,J0UmLYKL1zu2
525,esheftonek,lmunseyek@nba.com,3wSI2OeYGHBx
526,ijakubowskyel,gfilipel@slashdot.org,Q8i1EB
527,ihallibertonem,kcroizierem@blog.com,zcqjYF0bOyDp
528,gcookmanen,jnoaren@nsw.gov.au,QEXAe21mK
529,mgaleeo,charleeo@army.mil,0OZ8bgry3
530,emackisonep,amurdenep@pbs.org,4htTJHiJtA
531,gboageq,rhendroneq@globo.com,2wmSur1eRQJZ
532,lhillumer,smaevelaer@xrea.com,avec1Sm
533,srockwelles,bgotliffees@tamu.edu,yy7jVJxc5bB
534,selstonet,jmorysonet@ft.com,rCUMogh
535,rsaileeu,ifaradayeu@altervista.org,6UzZsVPOa
536,dwellbankev,edemetzev@earthlink.net,SFMmudSd0D
537,rchuckew,scostelowew@scribd.com,xjarDMYzk
538,chullsex,lpauex@tiny.cc,9n5QyJw
539,pgilchrestey,atowleey@springer.com,NHfcA7xWSiZ
540,dbudnikez,ehollyarez@vimeo.com,lXXkU3V605
541,dquodlingf0,fsheridanf0@t.co,NdUfQG
542,crosternf1,ncockcroftf1@examiner.com,1dX9gkmWC4
543,aduffanf2,bfishburnf2@blogspot.com,N2ehK49
544,mwoollheadf3,hwailesf3@va.gov,IoGFenlykIY
545,hprimarolof4,gstemsonf4@home.pl,2ITstby9t
546,rbartolicf5,nbrigmanf5@nps.gov,PVYmaDjtZ
547,edunbarf6,tcreiganf6@ftc.gov,C1BDvP018gV
548,sheyfieldf7,tstickelsf7@blogger.com,xun8rQO5
549,dbownef8,bvasyutkinf8@google.com.hk,lpAz7BzMd4ju
550,jdoolanf9,jmcallisterf9@diigo.com,XsADvqZEmWKn
551,jflemingfa,mventurolifa@google.it,CHsfqpTaQw
552,dedgleyfb,taslenfb@omniture.com,aHV0So
553,bwoodlandfc,kkaemenafc@google.pl,rn4sC21rgC
554,dsquirrellfd,araxworthyfd@buzzfeed.com,WC6mj0VEWZ4u
555,sarmsteadfe,apettiwardfe@wisc.edu,7lf6p4Sv8S
556,bifeff,ftumilsonff@tumblr.com,dujzLUXu7B
557,kegglestonfg,carmanfg@moonfruit.com,Oob5u9gSGG
558,usnowmanfh,pknaptonfh@census.gov,06OS1zmBnwnA
559,tbucklanfi,asiddonsfi@meetup.com,2phpxiJLw7
560,tesseryfj,challowellfj@bluehost.com,aRFedjRB
561,astrelitzfk,telstowfk@odnoklassniki.ru,JJy0kBXM
562,polnerfl,aaylenfl@economist.com,ZBywY5jw4mG
563,clitchfieldfm,zfathersfm@dropbox.com,OqfR1Tx
564,jbrickstockfn,wdelcastelfn@hatena.ne.jp,kDvTJHnXc0yg
565,aclaragefo,blandsburyfo@goodreads.com,sm0fULW6V14
566,akinneirfp,kbrownsettfp@dropbox.com,1Zr8jkquzV
567,mbrindfq,kfretwellfq@nature.com,jKUVQHmcDo
568,dgerriessenfr,fashingdenfr@blog.com,yo05RKNWfu
569,escarffefs,emashamfs@ucoz.ru,0qwbXvGZYYSC
570,apaulischft,gsedgemoreft@posterous.com,GkjF01y
571,schantlerfu,fkanefu@guardian.co.uk,KcZHDfXf21t
572,bgedgefv,ctooherfv@npr.org,XpTKhVjpd2Ps
573,ssutliefffw,ecurtisfw@wisc.edu,LqGuEA2
574,hkarslakefx,rburnhamsfx@webnode.com,Od8IOo1oNxu
575,lgallerfy,hgeogheganfy@tinyurl.com,eS9dgw
576,ntheufffz,rpercyfz@booking.com,bezoS5sy
577,kbellerg0,madderleyg0@wiley.com,06A7J0wlw
578,nsouthwellg1,agridleyg1@exblog.jp,eyCnysfC
579,jcurdsg2,gzellickg2@blogspot.com,jeGCuC
580,mrexg3,hianiellog3@dedecms.com,HH7ojWlGz
581,tcollumg4,vsurmeirg4@nasa.gov,4ulo6W
582,asalmong5,kdudgeong5@parallels.com,icO5uF
583,aprangleg6,twillgossg6@cdbaby.com,A2x6FX5
584,cbroadburyg7,sshemiltg7@google.com,vqpUSdsbC9
585,eabrahamsg8,bbrickseyg8@about.com,nMYuC1Pop
586,dtassellg9,bboswoodg9@hud.gov,8NsCvQDOE8mn
587,sbeglinga,rgilmorega@digg.com,2zbhQy
588,lwestmangb,limasongb@blog.com,9aePHmVN6oF
589,lrawsthorngc,qarnattgc@pagesperso-orange.fr,s3xr8FCZuIKx
590,tswansongd,delijahgd@tmall.com,7wOoF3
591,mblonfieldge,dgoldhawkge@github.com,j1r6Zw
592,rjerzakgf,hstapletongf@homestead.com,eQrMh0YB9Sh
593,dkmieciakgg,egallegosgg@parallels.com,LdH61yrT34
594,bfellongh,mcouvetgh@reference.com,qR1zNx
595,nkilmistergi,bpatelgi@go.com,smSRWJfl1O6
596,jathergj,vmacakgj@cpanel.net,5bJRmiphpMsd
597,sgrittongk,ltomkissgk@usa.gov,bVjGn4V0zMAu
598,lcleregl,gstotgl@sohu.com,XDvLBgmb
599,cdellenbrokergm,cmatuszakgm@issuu.com,KxonCji
600,obohdengn,vtreblegn@chronoengine.com,ePVBHU1MA
601,rdinglego,ydraxfordgo@dagondesign.com,1UIL57X
602,blaingp,hmossmangp@ftc.gov,UhEwyn2c
603,lhubygq,bvanhalengq@weather.com,ZfUCvt4o9t
604,lproudleygr,lfaltingr@paypal.com,1HGub7opUS
605,jgilhooleygs,bmowsleygs@pbs.org,Wz2gGBb
606,sbaudongt,aburkettgt@mapy.cz,li2Epkh
607,bgarhamgu,xwandgu@last.fm,j9LL9O
608,mbrasongv,kkeringv@fda.gov,WybtzY0p
609,judiegw,kmeighgw@ow.ly,XBalgh2
610,jkermangx,ssparrowegx@youku.com,zdm4wXFwHf
611,lbeddowsgy,vespygy@free.fr,WSf6KBV
612,jskaifgz,rivanenkogz@discuz.net,T8BWxMl
613,shallingh0,aambrosinih0@meetup.com,T8UDCK0KRWZ
614,bgilleth1,ainderwickh1@mit.edu,qC8oNkdO
615,sdilkesh2,wchetwyndh2@phpbb.com,RVg76LXG6j
616,ttrowlh3,ksineyh3@examiner.com,xQfBJx2mWTF
617,rwallesh4,dboundh4@altervista.org,pZKfzHR
618,slardnerh5,dflecknessh5@yandex.ru,CNGbqmR8OYxr
619,jianninih6,pchatth6@gmpg.org,oOIlxlTJn
620,odeniseth7,vpenbarthyh7@biglobe.ne.jp,EKQhYVJOdYC
621,snorcockh8,sjealh8@nature.com,qunFDDfdAKH
622,cdaxh9,bbaroschh9@phpbb.com,fQEp3b
623,nbramfordha,becclestoneha@dell.com,zZNmBSgft
624,imacmakinhb,jlervenhb@privacy.gov.au,UnYcpjU2GJkh
625,harrigohc,wsiveshc@mashable.com,2zwJC1Xt
626,fstrathdeehd,bwadesworthhd@mozilla.org,YDunJp48aQf
627,ftoorhe,ssneesbiehe@google.co.jp,aTyZtYFkwTS
628,nduffyhf,jspittleshf@illinois.edu,XGJApD7mbWJ
629,gcritcherhg,ydudeniehg@networksolutions.com,p8Qlv5
630,dantunezhh,bfitzsimmonshh@booking.com,fA8fV8j
631,tmaffihi,tfatscherhi@oakley.com,dVjnbg3
632,awoottonhj,jtwiddyhj@tiny.cc,Aa4Fzji
633,lhagstonehk,msheppardhk@devhub.com,tLh04Qd
634,adoolerhl,vpauhl@diigo.com,5IgUbX
635,ebeaulieuhm,jsansonhm@ucoz.com,xAOSVlw
636,equenellhn,ejamisonhn@istockphoto.com,tRMPBDMCt
637,kbathoweho,ipeacopho@csmonitor.com,sIqfhssRDW5
638,cblachfordhp,gpresdeehp@bbb.org,1PNGCz3Zwa
639,tlibreroshq,mmacteggarthq@behance.net,vmfILc7pbmfH
640,cmerriganhr,junionhr@simplemachines.org,C6LV6VhDC
641,smaccrackanhs,wvanderspohrhs@ezinearticles.com,IqNNrFvlc
642,wsmalleyht,rwadelinght@drupal.org,cb1IudhV
643,sgrollehu,mcouzenshu@spotify.com,1LNCtOiat
644,geakleehv,pgennerhv@cnet.com,NdY1XDR
645,cdohmshw,tshortohw@opera.com,eZPA2IgN
646,jweddellhx,tgrievehx@ask.com,JfhFZxex4NMQ
647,bcopplestonehy,rdionisettohy@soup.io,kUy0Rudzw0g
648,lvarndellhz,bcrainehz@slideshare.net,A019Jp
649,kboormani0,lsorsbiei0@hibu.com,IixVWQ2w
650,mcowingi1,lcaslanei1@csmonitor.com,VuLQy2Kph
651,vgammadei2,kcalderoi2@nature.com,I1ONWjKEh9
652,vmatussowi3,jdobinsoni3@usgs.gov,Ilkocpgi
653,bhunnami4,vkauschei4@princeton.edu,EfzUYzSRbfB6
654,tvinalli5,rjosupeiti5@delicious.com,5n2HWX6SJ
655,levelingi6,bduggeni6@stanford.edu,jfGEiGQCT
656,mdallmanni7,shaberghami7@wikispaces.com,az126tIBaTD
657,emarushaki8,hcasarolii8@nature.com,U8lMuIav
658,lelami9,dscneideri9@npr.org,ZM0yg4pxtra
659,sfirebraceia,sturbayneia@artisteer.com,TMviaHTUw
660,ccarcassib,dvidyapinib@prlog.org,WoRYwJLXUC
661,emallatrattic,kruggenic@rakuten.co.jp,F43AQxD
662,jlumbyid,kfirbyid@slate.com,yr7XYbc
663,ehallickie,irenvoiseie@intel.com,Uuik6N1n7m7p
664,dbardeyif,dbestonif@virginia.edu,M92DxCXY
665,vbrugmanig,iizsakig@nifty.com,QqmgKNn
666,sstureih,sgirardettiih@nydailynews.com,c44GfP
667,dminneyii,srawsthorneii@earthlink.net,gRG2jtIeEg
668,sfliegeij,mjakobssonij@deliciousdays.com,ltG1cm
669,tdunniomik,alowderik@yale.edu,0I7nlVf
670,ftodariniil,hdelahuntyil@shinystat.com,FpA0w4X
671,fpittmanim,lspositoim@microsoft.com,KBUZttP
672,lmalyin,gstoilein@clickbank.net,csKw3I2h
673,lcarlesiio,sholmyardio@addthis.com,4NuAC7uCAj9H
674,bendeip,tbatsonip@mit.edu,Hz7xZf3
675,tdmitrichenkoiq,cboultwoodiq@liveinternet.ru,19bqfCZjj
676,nhuggenir,mfiggessir@marriott.com,UfvhPCJfMo
677,vgodinis,ahebblewaiteis@cornell.edu,n1b5FJMz
678,kgeraultit,sdumbeltonit@tripadvisor.com,e09BZO
679,ptuxselliu,rwoofendelliu@blogger.com,OifNFs9y8
680,rcundyiv,cperrelliiv@adobe.com,3GQfUnSu
681,tfowldsiw,ndoughtoniw@tiny.cc,rZQM4gI
682,bbalazinix,roneillix@addtoany.com,Y9bRi9jBWfiU
683,atarttiy,lcrossaniy@techcrunch.com,hTEQK0OEJ
684,eportiz,jeveriliz@berkeley.edu,tEb5SG
685,jdallinderj0,slowdenj0@cnn.com,cfE36K9oNG
686,wciscoj1,achawkleyj1@uol.com.br,H5cu572
687,mlauriej2,sreynerj2@springer.com,FxS39RF3
688,dguerinj3,sescreetj3@cocolog-nifty.com,pt30LaUynk3k
689,bfrainej4,wsetonj4@desdev.cn,Hc7u3O
690,pmulkerrinsj5,crosenfarbj5@t-online.de,7q9V45
691,rsoutterj6,clewisj6@privacy.gov.au,rbeF1A4
692,rpemberj7,mtingeyj7@google.com.au,aJOlEEDG3brJ
693,lgartonj8,wkeyesj8@ebay.com,XzMk5eeWnCw
694,scowgillj9,fvanyushinj9@oracle.com,9vQtwCGZ
695,mwerrilowja,eizchakija@yale.edu,Qekse7HRLEXT
696,lbambjb,lsustinsjb@whitehouse.gov,6B8vqyy
697,rellissjc,ccomberbachjc@pagesperso-orange.fr,XcTIgamx0Rp
698,ykilgallonjd,sallbrookjd@google.com,9lE3uor
699,lpiattoje,batkinsonje@indiatimes.com,d1Ax69dx
700,ssallissjf,bdelagnesjf@slate.com,9sES5yYRa
701,bveldejg,aforsterjg@e-recht24.de,RHJCMSjdmnL
702,eleutyjh,bempletonjh@va.gov,ik8YC1P4Dtx
703,anovotniji,kervinji@ebay.com,Id3czom1fp
704,fbenallackjj,csennettjj@jimdo.com,PV72l0TD9X
705,asigartjk,gwescottjk@reuters.com,NPYTV18YJy
706,astollenbergjl,mroughleyjl@amazonaws.com,yYclzrF
707,fchaundyjm,lkobierajm@usa.gov,8Xg1vrX3
708,cdaniheljn,rdenizetjn@hhs.gov,ojn3VzU
709,bjoiceyjo,zkopferjo@unicef.org,UDJkGpZ
710,ygasonjp,skellingjp@addtoany.com,QC0KrL
711,wshiriljq,lmossbeejq@nsw.gov.au,tvXZl7ZB974s
712,klongmorejr,csowersbyjr@qq.com,nFihlfxtD
713,bandreasenjs,rdightonjs@engadget.com,9GACL1K7
714,rfassmanjt,amaestrinijt@webnode.com,LLrxTp9OHD
715,trambergju,canderbruggeju@cornell.edu,CPvkTwBm2
716,pbrandeljv,dbouldjv@usda.gov,vgqUhKa
717,tyeatesjw,cfeehamjw@army.mil,vlJzWzW
718,jtillyjx,kwillmorejx@howstuffworks.com,0BNmQI
719,cainsburyjy,vbakhrushinjy@fema.gov,4DWrVWSqDgZ
720,fpolhilljz,epenrethjz@gnu.org,8qUvi5s
721,ndjurkovick0,mdimnagek0@marketwatch.com,YAZOywISL
722,gscrivenk1,sfishleighk1@ezinearticles.com,2JU4MG8
723,btamblynk2,rhaffardk2@apache.org,CNkJIKi
724,rmcclunek3,gdarlingk3@smugmug.com,e8qhvhHJCeF9
725,mjacobszk4,hmynerk4@booking.com,YqnW0EEFV6TY
726,rbeveragek5,amcvittyk5@ucoz.com,UgkWOZ6A49
727,thartroppk6,lfryek6@wikimedia.org,x1yL6nl5XC
728,ccluckiek7,lfearnk7@state.gov,2AvcGOmTO
729,iwhitmank8,aloukesk8@yellowpages.com,ZFemE2Y2
730,agriersonk9,bmartinezk9@google.co.jp,JNmzbdy
731,abaynamka,cfreckeltonka@reference.com,jQ0SQq
732,ctrowerkb,ncamblekb@google.pl,CFmNkPCGBvZ
733,bpackmankc,ldiemerkc@bandcamp.com,8tXVnBZKjKDF
734,vpaykd,kdaughertykd@shutterfly.com,JDVt8nuekt
735,ahogginske,cdutteridgeke@flickr.com,QGf4fBgM
736,fpayntonkf,mstpierrekf@prweb.com,124z6V
737,wbunnerkg,cbirkskg@w3.org,7Nv1zKt
738,gwolteringkh,mmcritchiekh@opera.com,7yvqlAtvJ
739,lcaistorki,emacaskillki@shareasale.com,taAMQZflsVj
740,alukasenkj,dberickj@quantcast.com,hirIEDD
741,csamberkk,rrosettikk@dedecms.com,6fFfkIUdLY
742,epauligkl,rhessekl@skyrock.com,X8NTsVItONR
743,dwilbudkm,mbimkm@taobao.com,qCrzyRRy
744,mdollmankn,galbarezkn@technorati.com,zvto6HTNb
745,khaffendenko,eshowteko@ibm.com,9ziwFzC
746,ehinchamkp,alehriankp@thetimes.co.uk,ybQaPB
747,ltampionkq,cstainerkq@bravesites.com,QA4VW0yA
748,vbenaharonkr,gtwitchingskr@illinois.edu,ZTjjlWHDd
749,esartainks,ewaistallks@noaa.gov,3ANJgzXwAI
750,mbelchamberkt,rbaudkt@dedecms.com,rt2NXt7VL
751,orevieku,twemyssku@phpbb.com,g0enfeZui
752,hcyseleykv,lpenimankv@nydailynews.com,J9Cc1jmso
753,ijolliffkw,poverykw@businesswire.com,4KCaH5pJuR
754,rhallawayskx,cmccarrickkx@amazon.com,GjKxPpAenv
755,ahumpatchky,rtimmesky@latimes.com,DzFO8Q
756,jkerwoodkz,lfarrearskz@jiathis.com,D2OLld
757,clumsdenl0,janneyl0@huffingtonpost.com,w5tvKKSGGdoW
758,mskeemorl1,tsellstroml1@home.pl,9zKvNUK
759,metoilel2,epoolmanl2@cdbaby.com,QQK8NKwkR6t
760,ebroadberryl3,ahavisl3@google.com.br,3HgoyrcBO
761,bsandlandl4,rwhitesidel4@sakura.ne.jp,75RCAzZaHv
762,bcorwinl5,ssloweyl5@wikimedia.org,oMH2Rgb
763,kmccloudl6,ajozsal6@godaddy.com,kDW8IMja8Xvy
764,cbarnardl7,namossl7@archive.org,byPaGaj
765,gsharpinl8,sbeckersl8@smh.com.au,THziyhr
766,jpetrul9,mpoterl9@statcounter.com,3tKDYTFPW
767,kmccroriela,kbastinla@tuttocitta.it,qdmgm7zqT
768,sottolb,cchallicelb@woothemes.com,RnG4Rp
769,dgagerlc,wkilfordlc@walmart.com,TOv3DtA
770,frodriguezld,jzannollild@geocities.jp,gUrN3o
771,oneliusle,hharesignle@wufoo.com,M71kb8HX5u
772,gbranganlf,pnaiseylf@flavors.me,NGdrQHLfd
773,mpuntlg,wlantafflg@pinterest.com,PPgQP3
774,jswabylh,adesremedioslh@zdnet.com,r6DOoQHmGYso
775,bcraineli,nalmackli@alibaba.com,1pctelI5
776,shenckelj,dmclucaslj@shareasale.com,ghZEZp2W
777,fstollmeierlk,gandersenlk@sun.com,KJXNxGoFyTcv
778,afitkinll,ibesll@weebly.com,gFBunKRJ0h
779,crubinowitschlm,mkaplanlm@vimeo.com,6iDKd7G53
780,jmcrobertln,glynchln@state.gov,jKwez48Uv
781,fsiemonlo,elightmanlo@diigo.com,r4Ft6weyuhFY
782,cwauchopelp,mmasedonlp@gnu.org,Tbgn81cH
783,jmacalesterlq,emcquorkellq@illinois.edu,maFokr
784,jbernlinlr,ahawicklr@cornell.edu,JjehA7AJZTCa
785,mhenckels,tkedwardls@fc2.com,Zv7TbIH2
786,rarnaldlt,ximlachlt@telegraph.co.uk,jaA34e03k37S
787,icortenlu,gfeethamlu@godaddy.com,HN37a9zP9
788,dbeaneylv,cjennisonlv@studiopress.com,IJPGiO8kXA3
789,mvarfolomeevlw,whammerberglw@issuu.com,h3zshdAHMYNA
790,gguntonlx,bmeccolx@theglobeandmail.com,9oca7BTMUNe
791,bgynnily,fwallworthly@tmall.com,30XGBCTbhbFu
792,swannanlz,gfranzolinilz@lycos.com,f4O5t61A
793,bbarbiem0,dkeatingm0@cnbc.com,UMbyGd
794,pizhakym1,ldurdenm1@blinklist.com,Ux5vHOHX57v
795,bfeareym2,bdarterm2@w3.org,8o9NUQsK
796,ecosgreavem3,cmockettm3@howstuffworks.com,UanYUDiPc
797,dsayburnm4,jcurnickm4@usda.gov,XB7OQclnodN
798,otwyningm5,mspensleym5@reuters.com,LxgBTQzRN9
799,wkieltym6,aelcombm6@unicef.org,uN0WT0y
800,epegdenm7,pbrilonm7@printfriendly.com,qLaF3G3I
801,ccadwalladerm8,cdemongeotm8@msn.com,c2uyIP9JaTUs
802,rhemsteadm9,bquinnellm9@ucoz.ru,wMTLcC
803,aholganma,garmfirldma@intel.com,J6T2UPSqUyr
804,nmordeymb,ibeneixmb@msu.edu,WekCDs5K
805,mlavermc,kdutteridgemc@digg.com,SprhJNHC9Jr
806,bdifrancescomd,doldershawmd@list-manage.com,As4HpcVLrRfl
807,jorteltme,agouldthorpme@webs.com,mEn2JI0ddgKx
808,ehanselmanmf,ciacabuccimf@globo.com,qOubCr
809,bgambrellmg,eleehanemg@arizona.edu,rbwx77
810,jpieronimh,pbeetmh@google.com.au,ZlHoCVm1zV9
811,radamiakmi,slostymi@google.cn,PBNS1lbOGK
812,jbidwellmj,sjainemj@oaic.gov.au,UdRTOe
813,gwestbergmk,kkemmmk@wp.com,cnoTeP
814,beslerml,hcreasyml@ucoz.com,OYVMV7Je7F9
815,dlittellmm,rmckerronmm@symantec.com,W0UebQqQK
816,fclifforthmn,rswatonmn@miitbeian.gov.cn,fE9FniQJw
817,bwillsmoremo,ncicconettimo@opensource.org,12eE2N5nRESd
818,npashmp,wpellingmp@cisco.com,ItDDIsf6wdFf
819,pgarrickmq,hkillikmq@php.net,nFQy8jUJ5oV
820,dmcinallymr,cwillowbymr@about.me,yqy81NvaOIs6
821,wbaumertms,bportmanms@people.com.cn,YjikkKf6DQw
822,pheibelmt,lgrigorievmt@weebly.com,bhEN6vJ
823,wvarndellmu,obirrelmu@fc2.com,B993g3rgIu
824,lfiltnessmv,khurichemv@stanford.edu,ufAmzkv
825,gchampneysmw,ddenholmmw@odnoklassniki.ru,U32wBKGWx
826,dscahillmx,pzannottimx@yahoo.co.jp,A9Tsqkoz96
827,arolymy,abartalotmy@huffingtonpost.com,je396ORJh
828,zrenyardmz,cburgemz@yandex.ru,EnxL8IWv
829,veppsn0,jstollmeyern0@theatlantic.com,dRdCcOeL
830,bjennern1,hpieln1@techcrunch.com,g2ouuZOJVq
831,tskellyn2,wtenniswoodn2@ed.gov,oH0k9E8fC
832,kguilen3,ecasseyn3@irs.gov,airg7e
833,dmaccartneyn4,dmeasuresn4@nba.com,kXNCTVaT9
834,hbatchelourn5,lmatyuginn5@sciencedirect.com,h9rKIwT
835,haucoaten6,fmiddlen6@technorati.com,Jm2txZ3RjwW
836,pskirvingn7,mraishern7@bloglovin.com,3GCYJmrrGa
837,sthuilliern8,tsallen8@macromedia.com,tRCsIWJNFA
838,glorrowayn9,vmedlern9@hibu.com,AE7UqkpbGR
839,aseverwrightna,lbenjefieldna@4shared.com,JNn6GoHB
840,dmantionenb,mguidonenb@samsung.com,XvNEyL
841,vpairpointnc,wrushmerenc@ucoz.ru,hbgEaBbaYzTV
842,agovannd,tduhamelnd@mac.com,zH23tDW8px
843,emingeyne,lmarkushkinne@mail.ru,tPzOn6TM
844,qclawenf,tsilverstonnf@sogou.com,PHzqLds
845,ltetlowng,mlismoreng@usda.gov,SieibhPgt
846,ahensmansnh,dbyasnh@lulu.com,1GJA8EZU5w8
847,bmushartni,aclailni@aol.com,7hfHb9
848,asummerscalesnj,wguisonj@nhs.uk,gqgfW7
849,fbalassank,cjouanetnk@hatena.ne.jp,4qNNNseeJa
850,fthyernl,cgornalnl@unc.edu,iwHeVPOx2
851,mgillmorenm,llongmannm@weather.com,ZeYCWX
852,rjemisonnn,bpetrowskynn@sciencedirect.com,VaKZJbla
853,ifalconerno,mmattesno@ebay.co.uk,5Q6OJo3VYG1
854,aheynennp,kgeraldonp@newyorker.com,4GIznJ
855,rcommandernq,aoboynq@imgur.com,sugjSygTmYCT
856,lcrispnr,mtwiningnr@1688.com,BdWutbS
857,vwybrewns,cmeertns@prnewswire.com,it0l6t
858,mfittisnt,hsherwinnt@facebook.com,WaUXZlRTch
859,mzamoranu,kmacshirienu@samsung.com,6oLuliq88
860,cbilovskynv,hhansienv@sakura.ne.jp,BM5OJ0eE
861,lyakebowitchnw,bheskinnw@who.int,mqNy8pIS
862,mmiguelnx,gcurtissnx@slate.com,FN8ANCkfu
863,lskeemorny,cmacinherneyny@chron.com,Ya1m3FDMhfx
864,sbenediktnz,cfindingnz@state.gov,S1l9u6R7YJ
865,lbariballo0,bleverentzo0@skyrock.com,mYQVRM4
866,kpawletto1,vballantineo1@mayoclinic.com,3ZpzqY4F
867,cgabeo2,cwittiero2@wisc.edu,2713YoC
868,jleschelleo3,bolyffo3@merriam-webster.com,Jn54ptN
869,wkleinmintzo4,ssumptono4@cam.ac.uk,zityaDaZje6
870,rgealyo5,tgasho5@addthis.com,TjTt320x4u
871,radamovicho6,ncasoneo6@ycombinator.com,SSirWTZTLfT
872,solliero7,fragoto7@facebook.com,Hu1JB2iW
873,kglando8,vboameo8@4shared.com,bjUI3H6
874,cferyo9,jbrinkwortho9@mediafire.com,ReMTiXG
875,lbarajazoa,egarmanoa@lulu.com,i2Lkqzxmj1
876,tstickellsob,rdelahayob@ebay.co.uk,OobTqtX3no
877,tpittendreighoc,eruslenoc@marriott.com,xiL019Zx
878,smcfaulod,rfiddemanod@cafepress.com,jEjBOV
879,itimpanyoe,dfoucheroe@engadget.com,xa8l4XNcSEeT
880,dbeadleof,tzellickof@desdev.cn,zkZ7Lr
881,eebunoluwaog,grohanog@va.gov,c6PveQkSVl
882,simesenoh,cjollyeoh@constantcontact.com,iG2GauQ7VM
883,cpaffettoi,cgoginoi@aboutads.info,2cu1N6v5n4z
884,echarlooj,fwilbyoj@howstuffworks.com,F16CniTovD7n
885,fcrewesok,lpynnerok@biblegateway.com,GNBfCCW3ay
886,nconaboyol,kkezarol@posterous.com,bWuLrg2F
887,tfiginom,vkenchingtonom@facebook.com,Ro13qgQQl
888,rkiddyeon,binchanon@g.co,loQxVl
889,jpevrealoo,ulebatteuroo@squidoo.com,Y67ajb5HB
890,uadrienop,sclappop@fema.gov,f6trcnbyk
891,lradcliffeoq,reasomoq@vk.com,2OMBbLx8e9i
892,dlovedayor,edauberor@deviantart.com,UZe9Z3gNBQni
893,bgaveltoneos,sdominiqueos@opensource.org,I5bH0jx
894,smcquirkot,cdogeot@ed.gov,GjH4sSIL5Ur5
895,ihuntressou,abewsyou@fema.gov,v2QhGwCvuji
896,emccrawov,fplutheroov@wikimedia.org,MZHIOVMB8
897,knyssenow,vbenyanow@ftc.gov,xkVQfI5yv
898,agrossmanox,vvoakox@independent.co.uk,urbUKR
899,fmayheadoy,lbastonoy@goo.gl,CbzupMiLqEie
900,bgoodenoz,bmoiroz@howstuffworks.com,5OF5eL
901,ggarcesp0,cclewarthp0@woothemes.com,TwlEBX
902,dsydneyp1,mwainep1@ihg.com,8XOww7oY2cQ
903,fcranshawp2,rwellbelovedp2@cloudflare.com,sBXxro62w
904,rmarsonp3,jwolfendellp3@ning.com,e3Ylp0L
905,gkiddiep4,cnassip4@nationalgeographic.com,0RzX5TBx3G
906,rtinnp5,rbuttrump5@uiuc.edu,0TA0n7J61cui
907,jjoaop6,fcopinp6@wisc.edu,86yWlClMK
908,abissp7,bchristophersenp7@qq.com,N9b0V9tOoqts
909,mdyzartp8,lholberryp8@adobe.com,TNiKnG
910,abrigdalep9,cfriddp9@drupal.org,3dmpFKtk
911,hbuddlespa,rhargeriepa@nps.gov,gkHG8dX
912,hmatuskiewiczpb,cdoileypb@accuweather.com,8xndIFuuaUL
913,nstobbspc,lflawithpc@globo.com,yyz3oSb
914,bbrownsillpd,ofretsonpd@sakura.ne.jp,xPgyIR2ofco
915,fscurreype,wgodmarpe@devhub.com,S8RUGLBe9
916,moattespf,rjovispf@chron.com,Hro7Dd
917,aeskrickpg,dhartfieldpg@shutterfly.com,4XGq8s8mEGYQ
918,enoarph,nhelgassph@amazon.co.uk,DuQ4KG
919,kcashfordpi,omoulsdallpi@netvibes.com,hg5GDX0U
920,nmaryskapj,lhaimespj@cnet.com,NL7s3Fn
921,awaterpk,estitpk@netlog.com,PoUgkG07z0
922,qllewellynpl,knorcockpl@mashable.com,dpUF3J8N
923,dphilippardpm,gkarpetspm@gmpg.org,JDJE6NIXC
924,ddelascypn,afigurepn@yale.edu,Pqodd33T
925,hyatemanpo,rhillabypo@princeton.edu,Ss0uvz
926,tdoyleypp,dcapelpp@networksolutions.com,IaKjvZndP2YG
927,mtoombspq,msmalmanpq@icio.us,OZ14aUFp
928,lcyplerpr,mmcterrypr@surveymonkey.com,hQQ5v79zSHzC
929,gwhittockps,rdewhurstps@smugmug.com,V5aOrpyi6
930,gcuninghampt,opimblettpt@liveinternet.ru,qg0ApOH148
931,adomercpu,kbartosekpu@joomla.org,AXXbNN
932,peyeingtonpv,hcobbingpv@nyu.edu,BJgvn1Yc
933,sdumperpw,urameletpw@wikipedia.org,U9vXhzfWPgN
934,cbartholomewpx,bgrimblebypx@google.com.hk,03qgQG
935,ivautreypy,klunkpy@google.nl,3XBkmQy7OeZV
936,vleppardpz,fscottingpz@a8.net,pQ4MaW
937,dburgoineq0,mwaywellq0@trellian.com,xbr3H6X
938,mwaddilowq1,emccrieq1@admin.ch,lUQUjlnCXd3L
939,jdoreq2,gwilborq2@marriott.com,qSOnZml
940,dstickellsq3,areilyq3@fema.gov,BvhsLsUZA
941,lfildesq4,aflaxonq4@google.fr,kHuQes8eon
942,dbrasonq5,drissoq5@bloomberg.com,2jTa8wAU
943,fklaggesq6,bviseq6@time.com,VONw5zKZ2csW
944,cwillsheeq7,cghidiniq7@exblog.jp,BGY2QYueW
945,wdiverq8,agrattenq8@acquirethisname.com,ejmM2Gwb7
946,nkingabyq9,claxeq9@stanford.edu,AbotJZ
947,minglesonqa,mstrathearnqa@nhs.uk,nR7Qiy98a
948,datwoolqb,yheveyqb@weather.com,fMNYYalayt
949,mburchfieldqc,charwickqc@who.int,xRqORLNDZ
950,apunshonqd,kjansqd@tmall.com,eww2rXl4
951,gpetranekqe,nlamplqe@wsj.com,Y2xRtgV52
952,ulandmanqf,rmcpheatqf@weather.com,hSd8J5o
953,cdhoogeqg,mpaullqg@jalbum.net,EZf9ZIZN
954,jbraidenqh,mcoombeqh@1688.com,VxLR6whQW6
955,ggrinyerqi,oivanchinqi@opera.com,NCwbuCqN3
956,fspellaceyqj,pbarnbrookqj@archive.org,jpttXlF7LAF
957,cklammanqk,bneashamqk@boston.com,Jpgiu6CR89j
958,rprobateql,gphrippql@princeton.edu,c0C6uAq7Hd
959,hrablenqm,lbiaggioniqm@ameblo.jp,MvxxKlf87w
960,kmcconvilleqn,barneckeqn@baidu.com,1S3bgPtizns
961,kdahmelqo,etembyqo@netvibes.com,zUqBAS1
962,cmcgiffinqp,lvedekhovqp@ucoz.ru,2koV5roo
963,mblaylockqq,gworsleyqq@scientificamerican.com,rKmjvz
964,ahusbandsqr,mspurgeonqr@thetimes.co.uk,nzA57aAyq
965,mrizzardiqs,dcaccavariqs@ebay.com,tHDHKpOam
966,cdareqt,woakesqt@goodreads.com,6r9DsBM7fYg
967,ksevinqu,jgiffautqu@arizona.edu,nqT5hjLsFvKu
968,bcarletqv,cdjekicqv@cisco.com,GXcwIzXeFn
969,dmcclancyqw,ftrymeqw@nifty.com,E9XS7lcdOWrk
970,gluxonqx,mpiniurqx@list-manage.com,uBpY5aSYn
971,abrotherhoodqy,tfaulkenerqy@msn.com,jgN9zUDwq
972,afrankelqz,mmapledoramqz@example.com,dKV0wsjtUOh8
973,pmattheeuwr0,abaiser0@ebay.co.uk,xmbSKLZ
974,gvasser1,eskydallr1@hubpages.com,FOEVbv9ynZ
975,vmcgarveyr2,ngabler2@nasa.gov,VDJet3Q680o
976,mdorracottr3,vberthomer3@nymag.com,QeMBJpqSkH
977,imcilraithr4,kflippenr4@usgs.gov,IYsLP6QtAO
978,rmessamr5,lgironer5@house.gov,Tqafjl
979,efrancker6,omcgowranr6@nsw.gov.au,ELM569E
980,jshephardr7,oblomefieldr7@indiatimes.com,iwLTGSYL
981,jthompsettr8,hedbrooker8@elpais.com,hsXUOK
982,pabdier9,mkeamr9@usnews.com,Ugao2IpijN
983,jrollingsra,jmadocjonesra@earthlink.net,vL9Q5so28
984,svidyapinrb,vcohanrb@dailymail.co.uk,gMiD0fV
985,lburchessrc,cberntssonrc@apache.org,EGmdul
986,bmerlinrd,darsonrd@mapy.cz,RvNfEZOs9
987,ddobbingsre,elickorishre@ox.ac.uk,cDIrdcCM8Cx
988,ghapgoodrf,tbehninckrf@over-blog.com,ziwW6x
989,nrumbellowrg,dmccaughenrg@europa.eu,HK5RcrA
990,mkeelanrh,jroughanrh@digg.com,sEmY0A
991,igoscarri,abaigentri@icq.com,JHhHLKPUrL
992,wdouchrj,gwoodberryrj@reverbnation.com,xfnPHhW
993,hhuddrk,wmcatamneyrk@photobucket.com,PrmeyK1KZhpj
994,sprimarolorl,skarbyrl@ox.ac.uk,9cCv25
995,edugaldrm,dmacourekrm@apple.com,xHGfE6xrsS8Z
996,pcossinsrn,epeabodyrn@hhs.gov,pmjIMYwZAv
997,ppaulmannro,lharlowero@wired.com,DlwJcM0gQ7
998,lbeecraftrp,sborderrp@foxnews.com,kGB4iR
999,fdochonrq,dlabuschrq@bloglovin.com,CsZsUCVpJHG
1000,glinneyrr,jlathayerr@nbcnews.com,peRxNR
